brand,name,ingredients,,,,,,,,,,,
Kiehls,Ultra Facial Cream with Squalane,"Water,Glycerin,Cyclohexasiloxane,Squalane,Bis-PEG-18 Methyl Ether Dimethyl Silane,Sucrose Stearate,Stearyl Alcohol,PEG-8 Stearate,Myristyl Myristate,Pentaerythrityl Tetraethlhexanoate,Prunus Armeniaca Kernal Oil/Apricot Kernal Oil,Phenoxyethanol,Persea Gratissima Oil/Avocado Oil,Glyceryl Stearate,Cetl Alcohol,Oryza Sativa Bran Oil/Rice Bran Oil,Olea Europaea Fruit Oil/Olive Fruit Oil,Chlorphenesin,Stearic Acid,Palmitic Acid,Disodium EDTA,Acrylates/C10-30 Alkyl Acrylate Crosspolymer,Carbomer,Prunus Amygdalus Dulcis Oil/Sweet Almond Oil,Xanthan Gum,Ethylhexylglycerin,Sodium Hydroxide,Tocopherol,Glycine Soja Oil/Soybean Oil,Pseudoalteromonas Ferment Extract,Myristic acid,Hydroxypalmitol Sphinganine,BHT,Salicylic Acid,Citric Acid",,,,,,,,,,,
Kiehls,Ultra Facial Oil-Free Moisturizer,"Water,Glycerin,Alcohol Denat.,Dimethicone,Isononyl Isononanoate,Carbomer,Imperata Cylindrica Root Extract,Dimethiconol,Caprylyl Glycol,Chlorphenesin,Sodium Hydroxide,Xanthan Gum,Pseudoalteromonas Ferment Extract,Tetrasodium EDTA,Tocopheryl Acetate,Menthoxypropanediol,Phenoxyethanol,Biosaccharide Gum-1,Acrylates/C10-30 Alkyl Acrylate Crosspolymer",,,,,,,,,,,
Kiehls,Ultra Facial Cream SPF 30,"Water,Glycerin,Octocrylene,Homosalate,Ethylhexyl Salicylate,Squalane,Butyl Methoxydibenzoylmethane,Dimethicone,PEG-100 Stearate,Glyceryl Stearate,Silica,Octyldodecanol,Stearic Acid,Phenoxyethanol,Palmitic Acid,Tocopherol,Dicaprylyl Carbonate,Steareth-100,Acrylates/C10-30 Alkyl Acrylate Crosspolymer,Ophiopogon Japonicus Root Extract,Carbomer,Chlorphenesin,Capryloyl Salicylic Acid,Caprylyl Glycol,Xanthan Gum,Dimethicone/Vinyl Dimethicone Crosspolymer,Disodium EDTA,Sodium Hydroxide,Citrus Aurantium Dulcis (Orange) Peel Oil,Limonene,Ectoin,Hydrolyzed Hyaluronic Acid,Myristic Acid,Mentha Piperita Oil/Peppermint Oil,Pseudoalteromonas Ferment Extract,Ethylhexylglycerin,Linalool,Salicylic Acid",,,,,,,,,,,
Kiehls,Ultra Facial Toner,"Water,Glycerin,Squalane,Phenoxyethanol,Acrylates/C10-30 Alkyl Acrylate Crosspolymer,Sorbitan Oleate,Ethylhexyl Salicylate,PEG-100 Stearate,Potassium Sorbate,Triethanolamine,p-Anisic Acid,Ascorbyl Glucoside,Sodium Hyaluronate,Prunus Amygdalus Dulcis Oil/Sweet Almond Oil,Prunus Armeniaca Kernel Oil/Apricot Kernel Oil,Tocopherol,Persea Gratissima Oil/Avocado Oil",,,,,,,,,,,
Kiehls,Ultra Facial Oil-Free Toner,"Water,Glycerin,Propanediol,Phenoxyethanol,Propylene Glycol,Potassium Sorbate,Acrylates/C10-30 Alkyl Acrylate Crosspolymer,Triethanolamine,Citric Acid,Imperata Cylindrica Root Extract,Pseudoalteromonas Ferment Extract,Sodium Hyaluronate,Cucumis Sativus Juice/Cucumber Fruit Extract,Caprylyl Glycol,Carbomer.",,,,,,,,,,,
Kiehls,Powerful-Strength Vitamin C Serum,"Propylene Glycol,Dimethicone,Glycerin,Ascorbic Acid,Ethylhexyl Palmitate,Cetyl PEG/PPG-10/1 Dimethicone,Dimethicone Crosspolymer,Ascorbyl Glucoside,Cyclohexasiloxane,Hydroxyethylpiperazine Ethane Sulfonic Acid,Lauroyl Lysine,Acrylonitrile/Methyl Methacrylate/Vinylidene Chloride Copolymer,Polysilicone-11,Adenosine,Hydrolyzed Hyaluronic Acid,Limonene,Isobutane,Citrus Aurantium Dulcis (Orange) Peel Oil,Citrus Limon Peel Oil/Lemon Peel Oil,Citral,Pentaerythrityl Tetra-Di-T-Butyl Hydroxyhydrocinnamate",,,,,,,,,,,
Kiehls,Precision Lifting & Pore-Tightening Concentrate,"Water,Butylene Glycol,Bis-PEG-18 Methyl Ether Dimethyl Silane,Methyl Gluceth-20,PEG-20,Squalane,Dimethicone,Alcohol Denat.,Octyldodecanol,Cyclohexasiloxane,Lauroyl Lysine,Carbomer,Phenoxyethanol,Tocopheryl Acetate,Hydrogenated Lecithin,Pentylene Glycol,Caprylyl Glycol,Polysilicone-11,Faex Extract/Yeast Extract,Xanthan Gum,Acrylates/C10-30 Alkyl Acrylate Crosspolymer,PVP,Pelargonium Graveolens Flower Oil,Adenosine,Capryloyl Salicylic Acid,Disodium EDTA,Sodium Hydroxide,Glycine Soja Protein/Soybean Protein,Citronellol,Geraniol,Rosmarinus Officinalis Leaf Oil/Rosemary Leaf Oil,Linalool,Citral,Limonene",,,,,,,,,,,
Kiehls,Avocado Eye Cream,"WATER,BUTYROSPERMUM PARKII BUTTER / SHEA BUTTER,BUTYLENE GLYCOL,TRIDECYL STEARATE,PEG-30 DIPOLYHYDROXYSTEARATE,ISODECYL SALICYLATE,TRIDECYL TRIMELLITATE,PERSEA GRATISSIMA OIL / AVOCADO OIL,ISOCETYL STEAROYL STEARATE,PROPYLENE GLYCOL,DIPENTAERYTHRITYL HEXACAPRYLATE/HEXACAPRATE,SORBITAN SESQUIOLEATE,MAGNESIUM SULFATE,HYDROGENATED CASTOR OIL,SODIUM PCA,PHENOXYETHANOL,CHLORPHENESIN,HYDROGENATED JOJOBA OIL,P-ANISIC ACID,TOCOPHERYL ACETATE,ISOPROPYL PALMITATE,DISODIUM EDTA,COPPER PCA,HELIANTHUS ANNUUS SEED OIL / SUNFLOWER SEED OIL,CI 40800 / BETA-CAROTENE,CITRIC ACID",,,,,,,,,,,
Kiehls,Powerful Wrinkle Reducing Eye Cream,"WATER,GLYCERIN,CYCLOHEXASILOXANE,PROPYLENE GLYCOL,CETYL ALCOHOL,STEARYL ALCOHOL,SQUALANE,STEARIC ACID,PALMITIC ACID,PEG-100 STEARATE,CERA ALBA / BEESWAX,GLYCERYL STEARATE,NYLON-12,ALUMINUM STARCH OCTENYLSUCCINATE,PEG-20 STEARATE,PHENOXYETHANOL,BUTYLENE GLYCOL,METHYL METHACRYLATE CROSSPOLYMER,CAPRYLYL GLYCOL,PANTHENOL,TOCOPHERYL ACETATE,CHLORPHENESIN,CAFFEINE,SODIUM HYALURONATE,CALCIUM PCA,ACRYLATES COPOLYMER,ADENOSINE,SODIUM HYDROXIDE,HYDROXYPALMITOYL SPHINGANINE,COPPER PCA,ALTEROMONAS FERMENT EXTRACT,CORALLINA OFFICINALIS EXTRACT",,,,,,,,,,,
Kiehls,Midnight Recovery Eye,"WATER,HELIANTHUS ANNUUS SEED OIL / SUNFLOWER SEED OIL,SIMMONDSIA CHINENSIS SEED OIL / JOJOBA SEED OIL,PRUNUS ARMENIACA KERNEL OIL / APRICOT KERNEL OIL,SQUALANE,ALCOHOL DENAT.,CETEARYL ALCOHOL,GLYCERYL STEARATE,STEARYL ALCOHOL,CETEARYL GLUCOSIDE,OENOTHERA BIENNIS OIL / EVENING PRIMROSE OIL,BUTYROSPERMUM PARKII BUTTER / SHEA BUTTER,PHENOXYETHANOL,LITHIUM MAGNESIUM SODIUM SILICATE,CHLORPHENESIN,XANTHAN GUM,ALOE BARBADENSIS LEAF JUICE POWDER,TOCOPHEROL,RUSCUS ACULEATUS ROOT EXTRACT,LAVANDULA ANGUSTIFOLIA OIL / LAVENDER OIL,ADENOSINE,LINALOOL,ROSMARINUS OFFICINALIS LEAF OIL / ROSEMARY LEAF OIL,PELARGONIUM GRAVEOLENS FLOWER OIL,HYDROLYZED CORN STARCH,GLYCINE SOJA OIL / SOYBEAN OIL,CITRONELLOL,GERANIOL,LAVANDULA HYBRIDA OIL,CUCUMIS SATIVUS FRUIT EXTRACT / CUCUMBER FRUIT EXTRACT,LIMONENE,SILICA,CITRAL,CURCUMA LONGA ROOT EXTRACT / TURMERIC ROOT EXTRACT,SCLAREOLIDE,ROSE FLOWER OIL,JASMINUM OFFICINALE FLOWER/LEAF EXTRACT - JASMINE FLOWER/LEAF EXTRACT,CITRIC ACID",,,,,,,,,,,
Kiehls,Midnight Recovery Concentrate Face Oil,"Caprylic/Capric Triglyceride,Dicaprylyl Carbonate,Squalane,Rosa Canina Fruit Oil,Oenothera Biennis Oil/Evening Primrose Oil,Simmondsia Chinensis Oil/Jojoba Seed Oil,Coriandrum Sativum Oil/Coriander Seed Oil,Tocopherol,Lavandula Angustifolia Oil/Lavender Oil,Pelargonium Graveolens Flower Oil,Linalool,Rosmarinus Officina-lis Leaf Oil/Rosemary Leaf Oil,Citronellol,Geraniol,Lavandula Hybrida Oil,Cucumis Sativus Extract/Cucumber Fruit Extract,Curcuma Longa Extract/Turmeric Root Extract,Limonene,Citral,Sclareolide,Rosa Spp/Rose Flower Oil,Jasminum Officinale Extract/Jasmine Extract,Helianthus Annuus Seed Oil/Sunflower Seed Oil",,,,,,,,,,,
Kiehls,Clearly Corrective Dark Spot Corrector,"WATER, PROPYLENE GLYCOL,GLYCERIN,ALCOHOL DENAT. ,PEG/PPG/POLYBUTYLENE GLYCOL-8/5/3 GLYCERIN,HYDROXYPROPYL TETRAHYDROPYRANTRIOL,3-O-ETHYL ASCORBIC ACID,PPG-6-DECYLTETRADECETH-30,PHENOXYETHANOL,SALICYLIC ACID,XANTHAN GUM, HYDROXYETHYLCELLULOSE, POTASSIUM HYDROXIDE, CITRIC ACID,SODIUM CITRATE, TOCOPHERYL ACETATE, LAVANDULA ANGUSTIFOLIA OIL / LAVENDER OIL, DISODIUM EDTA, ADENOSINE, LINALOOL, BUTYLENE GLYCOL,TOCOPHEROL,CITRUS AURANTIUM TACHIBANA PEEL EXTRACT, PAEONIA SUFFRUTICOSA ROOT EXTRACT",,,,,,,,,,,
Kiehls,Powerful-Strength Dark Circle Reducing Vitamin C Eye Serum,"Propylene Glycol,Dimethicone,Glycerin,Ascorbic Acid,Dimethicone Crosspolymer,Cetyl PEG/PPG-10/1 Dimethicone,Cyclohexasiloxane,Aqua/Water,Hydroxyethylpiperazine Ethane Sulfonic Acid,Lauroyl Lysine,Aluminum Starch Octenylsuccinate,Polysilicone-11,CI 77891/Titanium Dioxide,Adenosine,Hydrolyzed Hyaluronic Acid,Steareth-20,Chlorhexidine Digluconate,N-Hydroxysuccinimide,Sodium Citrate,Potassium Sorbate,Palmitoyl Tripeptide-1,Chrysin,Pentaerythrityl Tetra-di-t-Butyl Hydroxyhydro-cinnamate,Palmitoyl Tetrapeptide-7,Citric Acid,Biotin",,,,,,,,,,,
Kiehls,Facial Fuel Daily Energizing Moisture Treatment for Men,"WATER,CYCLOHEXASILOXANE,ALCOHOL DENAT.,GLYCERIN,PROPANEDIOL,DIMETHICONE,ZEA MAYS GERM OIL / CORN GERM OIL,PANTHENOL,ASCORBYL GLUCOSIDE,TRIETHANOLAMINE,PHENOXYETHANOL,GLYCERYL LINOLEATE,POLYPERFLUOROMETHYLISOPROPYL ETHER,POLYACRYLAMIDE,DIMETHICONOL,GLYCERYL OLEATE,CARBOMER,CETYL ALCOHOL,C13-14 ISOPARAFFIN,PARFUM / FRAGRANCE,ACRYLATES/C10-30 ALKYL ACRYLATE CROSSPOLYMER,GLYCINE SOJA OIL / SOYBEAN OIL,CAFFEINE,TOCOPHEROL,HYDROGENATED LECITHIN,CASTANEA SATIVA SEED EXTRACT / CHESTNUT SEED EXTRACT,BENZOPHENONE-4,MENTHOL,LIMONENE,PEG-100 STEARATE,GLYCERYL STEARATE,PENTYLENE GLYCOL,LAURETH-7,HYDROLYZED SOY PROTEIN,POTASSIUM CETYL PHOSPHATE,DISODIUM EDTA,GLYCERYL LINOLENATE,CITRUS AURANTIUM DULCIS JUICE / ORANGE JUICE,CITRUS LIMON JUICE / LEMON JUICE,LINALOOL,ETHYLHEXYLGLYCERIN,SODIUM BENZOATE,CITRAL,POTASSIUM SORBATE,CI 42090 / BLUE 1,CI 14700 / RED 4",,,,,,,,,,,
Kiehls,Eye Fuel,"WATER,DIMETHICONE,GLYCERIN,NIACINAMIDE,METHYL METHACRYLATE CROSSPOLYMER,CAFFEINE,ETHYLHEXYL PALMITATE,DIMETHICONE/VINYL DIMETHICONE CROSSPOLYMER,DIMETHICONE/PEG-10/15 CROSSPOLYMER,PEG-10 DIMETHICONE,HYDROXYETHYLPIPERAZINE ETHANE SULFONIC ACID,SODIUM CHLORIDE,PERLITE,PHENOXYETHANOL,CHLORPHENESIN,SODIUM CITRATE,P-ANISIC ACID,TOCOPHEROL,DISODIUM EDTA,STEARETH-20ASCORBYL GLUCOSIDE,ADENOSINE,GLYCINE SOJA PROTEIN / SOYBEAN PROTEIN,DIPROPYLENE GLYCOL,CAPRYLYL GLYCOL,SODIUM COCOYL GLUTAMATE,CHLORHEXIDINE DIGLUCONATE,N-HYDROXYSUCCINIMIDE,POTASSIUM SORBATE,ETHYLHEXYLGLYCERIN,SODIUM BENZOATE,PALMITOYL OLIGOPEPTIDE,CHRYSIN,PALMITOYL TETRAPEPTIDE-7",,,,,,,,,,,
Kiehls,Facial Fuel Eye De-Puffer,"Water,Butylene Glycol,Bis-PEG-18 Methyl Ether Dimethyl Silane,Sodium Stearate,Sorbitol,Glycerin,Propylene Glycol,PEG-150 Distearate,Phenoxyethanol,Caprylyl Glycol,Honey,Caffeine,Manganese Gluconate,Sodium Citrate,Sodium Dextran Sulfate,Hibiscus Sabdariffa Extract/?Hibiscus Sabdariffa Flower Extract",,,,,,,,,,,
Kiehls,Facial Fuel Energizing Tonic for Men,"Water,Glycerin,Alcohol Denat.,PPG-26-Buteth-26,PEG-40 Hydrogenated Castor Oil,Salicylic Acid,Squalane,Caffeine,Caprylic/Capric Triglyceride,Zinc PCA,Parfum/Fragrance,Tocopherol,Menthol,Vaccinium Myrtillus Fruit Extract,Limonene,Saccharum Officinarum Extract/Sugar Cane Extract,Ascorbyl Glucoside,Hydrolyzed Soy Protein,Citrus Aurantium Dulcis Fruit Water/Orange Fruit Water,Citrus Limon Fruit Extract/Lemon Fruit Extract,Cryptomeria Japonica Bud Extract,Acer Saccharinum Extract/Sugar Maple Extract,Linalool,Bambusa Vulgaris Extract,Sodium hydroxide,Citric Acid",,,,,,,,,,,
Kiehls,Age Defender Eye Repair,"WATER,GLYCERIN,DIMETHICONE,ALCOHOL DENAT.,THEOBROMA CACAO SEED BUTTER / COCOA SEED BUTTER,BUTYROSPERMUM PARKII BUTTER / SHEA BUTTER,POLY C10-30 ALKYL ACRYLATE,HYDROGENATED POLYISOBUTENE,SUCROSE STEARATE,STEARIC ACID,PALMITIC ACID,HYDROXYETHYLPIPERAZINE ETHANE SULFONIC ACID,SODIUM POLYACRYLATE,PHENOXYETHANOL,NYLON-12,PENTYLENE GLYCOL,CAPRYLYL GLYCOL,ACRYLATES/C10-30 ALKYL ACRYLATE CROSSPOLYMER,SECALE CEREALE SEED EXTRACT / RYE SEED EXTRACT,CAFFEINE,CHLORPHENESIN,XANTHAN GUM,SODIUM HYDROXIDE,CI 77891 / TITANIUM DIOXIDE,HYDROLYZED LINSEED EXTRACT,DIMETHICONOL,TOCOPHEROL,MICA,MYRISTIC ACID,PENTAERYTHRITYL TETRA-DI-T-BUTYL HYDROXYHYDROCINNAMATE,ASCORBYL GLUCOSIDE,ADENOSINE,GLYCINE SOJA PROTEIN / SOYBEAN PROTEIN,VACCINIUM MYRTILLUS FRUIT EXTRACT,SODIUM BENZOATE,SACCHARUM OFFICINARUM EXTRACT / SUGARCANE EXTRACT,SODIUM COCOYL GLUTAMATE,CITRUS AURANTIUM DULCIS FRUIT EXTRACT / ORANGE FRUIT EXTRACT,CITRUS LIMON FRUIT EXTRACT / LEMON FRUIT EXTRACT,ETHYLHEXYLGLYCERIN,TIN OXIDE,ACER SACCHARUM EXTRACT / SUGAR MAPLE EXTRACT,POTASSIUM SORBATE,CITRIC ACID",,,,,,,,,,,
Kiehls,Age Defender Cream Moisturizer,"WATER,GLYCERIN,DIMETHICONE,ALCOHOL DENAT.,SUCROSE STEARATE,ORBIGNYA OLEIFERA SEED OIL,PENTAERYTHRITYL TETRAETHYLHEXANOATE,POLY C10-30 ALKYL ACRYLATE,THEOBROMA CACAO SEED BUTTER / COCOA SEED BUTTER,HYDROGENATED POLYISOBUTENE,OCTYLDODECANOL,STEARIC ACID,PALMITIC ACID,SYNTHETIC WAX, SODIUM POLYACRYLATE,PHENOXYETHANOL,CAPRYLOYL SALICYLIC ACID, PARFUM / FRAGRANCE, POLYURETHANE-2,ACRYLATES/C10-30 ALKYL ACRYLATE CROSSPOLYMER,POLYMETHYL METHACRYLATE,CHLORPHENESIN,XANTHAN GUM,SODIUM HYDROXIDE,LIMONENE,HYDROLYZED LINSEED EXTRACT, DIMETHICONOL,TOCOPHEROL,CAFFEINE,PENTAERYTHRITYL TETRA-DI-T-BUTYL HYDROXYHYDROCINNAMATE,GLYCINE SOJA PROTEIN / SOYBEAN PROTEIN,MYRISTIC ACID,ASCORBYL GLUCOSIDE,ADENOSINE,VACCINIUM MYRTILLUS FRUIT EXTRACT,SODIUM BENZOATE,CAPRYLYL GLYCOL,DIMETHYL MEA,SACCHARUM OFFICINARUM EXTRACT / SUGAR CANE EXTRACT,SODIUM COCOYL GLUTAMATE,LINALOOL,ETHYLHEXYLGLYCERIN,SODIUM DEHYDROACETATE,CITRUS AURANTIUM DULCIS FRUIT WATER / ORANGE FRUIT WATER,CITRUS LIMON FRUIT EXTRACT / LEMON FRUIT EXTRACT,POTASSIUM SORBATE,ACER SACCHARUM EXTRACT / SUGAR MAPLE EXTRACT,CITRAL",,,,,,,,,,,
Kiehls,Age Defender Power Serum,"WATER,GLYCERIN,DIMETHICONE,ALCOHOL DENAT.,ISONONYL ISONONANOATE,BUTYLENE GLYCOL,AMMONIUM POLYACRYLOYLDIMETHYL TAURATE,PHENOXYETHANOL,PENTYLENE GLYCOL,HYDROLYZED SOY PROTEIN,PARFUM / FRAGRANCE,HYDROXYPROPYL TETRAHYDROPYRANTRIOL,PROPYLENE GLYCOL,RUSCUS ACULEATUS ROOT EXTRACT,GLYCINE SOJA OIL / SOYBEAN OIL,CAFFEINE,TOCOPHEROL,HYDROLYZED RICE PROTEIN,LIMONENE,BIOSACCHARIDE GUM-1,DISODIUM EDTA,ADENOSINE,T-BUTYL ALCOHOL,HYDROXYPALMITOYL SPHINGANINE,CRYPTOMERIA JAPONICA BUD EXTRACT,LINALOOL,CITRAL",,,,,,,,,,,
Kiehls,Facial Fuel Energizing Face Wash,"WATER,GLYCERIN,AMMONIUM LAURYL SULFATE,PROPYLENE GLYCOL,TRIETHANOLAMINE,CAPRYLYL GLYCOL,COCO-BETAINE,ACRYLATES/STEARETH-20 METHACRYLATE COPOLYMER,TEA-LAURYL SULFATE,COCO-GLUCOSIDE,PHENOXYETHANOL,CITRIC ACID,DECYL GLUCOSIDE,ACRYLATES/C10-30 ALKYL ACRYLATE CROSSPOLYMER,PARFUM / FRAGRANCE,CHLORPHENESIN,DISODIUM EDTA,SODIUM CHLORIDE,ZEA MAYS GERM OIL / CORN GERM OIL,CAFFEINE,MENTHOL,LIMONENE,POLYQUATERNIUM-39,TOCOPHEROL,BENZOIC ACID,AMMONIUM SULFATE,SODIUM LAURYL SULFATE,CASTANEA SATIVA SEED EXTRACT / CHESTNUT SEED EXTRACT,CITRUS AURANTIUM DULCIS JUICE / ORANGE JUICE,CITRUS LIMON JUICE / LEMON JUICE,SODIUM BENZOATE,POTASSIUM SORBATE,ETHYLHEXYLGLYCERIN,CI 42090 / BLUE 1,CI 14700 / RED 4",,,,,,,,,,,
Kiehls,Ferulic Brew Antioxidant Facial Treatment with Lactic Acid,"WATER,ARGININE,SACCHAROMYCES/RICE FERMENT FILTRATE 4.7%,DICAPRYLYL ETHER,GLYCERIN,PENTYLENE GLYCOL,LACTIC ACID 3.7%,PROPANEDIOL,SQUALANE,BUTYLENE GLYCOL,SODIUM CHLORIDE,TOCOPHEROL,ASCORBYL GLUCOSIDE,SALICYLIC ACID,FERULIC ACID 0.1%,CARAMEL,ADENOSINE,LAVANDULA HYBRIDA OIL,HELIANTHUS ANNUUS SEED OIL / SUNFLOWER SEED OIL,CUPRESSUS SEMPERVIRENS LEAF/NUT/STEM OIL,ANTHEMIS NOBILIS,FLOWER OIL,LINALOOL,PELARGONIUM GRAVEOLENS FLOWER OIL,BRASSICA CAMPESTRIS EXTRACT / RAPESEED EXTRACT,BRASSICA CAMPESTRIS SPROUT EXTRACT / RAPESEED SPROUT EXTRACT,MENTHA PIPERITA OIL / PEPPERMINT OIL,SODIUM HYALURONATE,CITRONELLOL,GERANIOL,LIMONENE,ORIGANUM MAJORANA LEAF OIL",,,,,,,,,,,
Kiehls,Iris Extract Activating Treatment Essence,"Water,Butylene Glycol,Glycerin,Dipropylene Glycol,Alcohol Denat.,Methyl Gluceth-10,Phenoxyethanol,PPG-6-decyltetradeceth-30,Chlorphenesin,Parfum/Fragrance,Capryloyl Salicylic Acid,Tetrasodium EDTA,Iris Florentina/Iris Florentina Root Extract,Sodium Hyaluronate,Xanthan Gum,Citric Acid,Sodium Citrate,Adenosine,Limonene",,,,,,,,,,,
Kiehls,Super Multi-Corrective Anti-Aging Cream for Face and Neck,"WATER,GLYCERIN,DICAPRYLYL ETHER,BUTYROSPERMUM PARKII BUTTER / SHEA BUTTER,HYDROXYPROPYL TETRAHYDROPYRANTRIOL,ISONONYL ISONONANOATE,PROPYLENE GLYCOL,ISOPROPYL ISOSTEARATE,CETYL ALCOHOL,DIMETHICONE,BEHENYL ALCOHOL,CANDELILLA CERA / CANDELILLA WAX,GLYCERYL STEARATE,STEARIC ACID,HYDROXYETHYLPIPERAZINE ETHANE SULFONIC ACID,PALMITIC ACID,PHENOXYETHANOL,CETEARYL ALCOHOL,CITRIC ACID,CARBOMER,CAPRYLOYL SALICYLIC ACID,SODIUM HYDROXIDE,CAPRYLYL GLYCOL,PEG-100 STEARATE,VIGNA ACONITIFOLIA SEED EXTRACT,TOCOPHEROL,XANTHAN GUM,CETEARYL GLUCOSIDE,SODIUM COCOYL GLUTAMATE,SODIUM HYALURONATE,DISODIUM EDTA,PENTYLENE GLYCOL,JASMINUM OFFICINALE FLOWER EXTRACT / JASMINE FLOWER EXTRACT,MYRISTIC ACID,ROSMARINUS OFFICINALIS LEAF OIL / ROSEMARY LEAF OIL,ADENOSINE,INONOTUS OBLIQUUS (MUSHROOM) EXTRACT,LIMONENE,LINALOOL,PELARGONIUM GRAVEOLENS FLOWER OIL,LAVANDULA ANGUSTIFOLIA OIL / LAVENDER OIL,ROSA DAMASCENA FLOWER OIL",,,,,,,,,,,
Kiehls,Super Multi-Corrective Cream SPF 30,"Water,Glycerin,Octocrylene,Homosalate,Ethylhexyl Salicylate,Dimethicone,Glyceryl Stearate,Hydroxypropyl Tetrahydropyrantriol,Silica,Butyl Methoxydibenzoylmethane,PEG-100 Stearate,Propylene Glycol,Candelilla Cera/Candelilla Wax,Phenoxyethanol,Ammonium Polyacryldimethyltauramide/Ammonium Polyacryloyldimethy Taurate,Stearic Acid,Dicaprylyl Carbonate,Cetyl Alcohol,Palmitic Acid,Capryloyl Salicylic Acid,Caprylyl Glycol,Xanthan Gum,Dimethicone/Vinyl Dimethicone Crosspolymer,Parfum/Fragrance,Disodium EDTA,Tocopherol,Sodium Hyaluronate,Adenosine,Linalool,Sodium Hydroxide,Jasminum Officinale Extract/ Jasmine Flower Extract,Citronellol,Geraniol,Citral,Benzyl Alcohol,Citric Acid",,,,,,,,,,,
Kiehls,Micro-Dose Anti-Aging Retinol Serum with Ceramides and Peptide,"WATER,GLYCERIN,BUTYLENE GLYCOL,PENTYLENE GLYCOL,NIACINAMIDE,CETYL ALCOHOL,ISOHEXADECANE,ISONONYL ISONONANOATE,DIISOPROPYL SEBACATE,2-OLEAMIDO-1,3-OCTADECANEDIOL,4-T-BUTYLCYCLOHEXANOL,ACETYL DIPEPTIDE-1 CETYL ESTER,ADENOSINE,CERAMIDE NP,HYDROXYPALMITOYL SPHINGANINE,LAUROYL LYSINE,OCTYLDODECANOL,PENTAERYTHRITYL TETRA-DI-T-BUTYL HYDROXYHYDROCINNAMATE,SODIUM CHLORIDE,SODIUM HYALURONATE,SODIUM HYDROXIDE,TRISODIUM ETHYLENEDIAMINE DISUCCINATE,RETINOL,TOCOPHEROL,DICAPRYLYL ETHER,AMMONIUM POLYACRYLOYLDIMETHYL TAURATE,BEHENYL ALCOHOL,CAPRYLYL GLYCOL,CARBOMER,CETEARYL ALCOHOL,CETEARYL GLUCOSIDE,GLYCINE SOJA OIL / SOYBEAN OIL,HELIANTHUS ANNUUS SEED OIL / SUNFLOWER SEED OIL,HYDROXYETHYLCELLULOSE,LECITHIN,PHENETHYL ALCOHOL,POLOXAMER 188,POLYCAPROLACTONE,SORBITAN LAURATE,STEARETH-100,CI 40800 / BETA-CAROTENE,CHLORPHENESIN,PHENOXYETHANOL",,,,,,,,,,,
Kiehls,Calendula Serum-Infused Water Cream,"WATER,DIMETHICONE,GLYCERIN,PROPYLENE GLYCOL,PROPANEDIOL,PANTHENOL,DIMETHICONE/PEG-10/15 CROSSPOLYMER,BISABOLOL,DIISOPROPYL SEBACATE,SODIUM CHLORIDE,PHENOXYETHANOL,POLYMETHYLSILSESQUIOXANE,CHLORPHENESIN,CITRUS LIMON PEEL OIL / LEMON PEEL OIL,SODIUM CITRATE,CALENDULA OFFICINALIS FLOWER EXTRACT,LIMONENE,PEG-10 DIMETHICONE,TRISODIUM ETHYLENEDIAMINE DISUCCINATE,CALENDULA OFFICINALIS FLOWER,CITRIC ACID,DIPROPYLENE GLYCOL,GERANIUM MACULATUM OIL,CHAMOMILLA RECUTITA FLOWER OIL / MATRICARIA FLOWER OIL,CITRAL,CITRONELLOL,GERANIOL,FARNESOL,LINALOOL,TOCOPHEROL,CYMBOPOGON SCHOENANTHUS OIL,ARTEMISIA ABSINTHIUM EXTRACT",,,,,,,,,,,
Kiehls,Pure Vitality Skin Renewing Cream,WATER GLYCERIN PROPANEDIOL DICAPRYLYL ETHER GLYCERYL STEARATE LAUROYL LYSINE BUTYROSPERMUM PARKII BUTTER / SHEA BUTTER UNDECANE CETEARYL ALCOHOL ARGININE HYDROGENATED LECITHIN TRIDECANE MEL EXTRACT / HONEY EXTRACT MICA PANAX GINSENG ROOT EXTRACT CERA ALBA / BEESWAX CAPRYLOYL GLYCINE TOCOPHEROL CITRIC ACID SCLEROTIUM GUM XANTHAN GUM SALICYLIC ACID POTASSIUM SORBATE CEDRUS ATLANTICA BARK OIL LEUCONOSTOC/RADISH ROOT FERMENT FILTRATE GLYCINE SOJA OIL / SOYBEAN OIL ADENOSINE CARAMEL CANANGA ODORATA FLOWER OIL VANILLA PLANIFOLIA FRUIT EXTRACT BULNESIA SARMIENTOI WOOD OIL CITRUS AURANTIUM DULCIS PEEL OIL / ORANGE PEEL OIL PELARGONIUM GRAVEOLENS FLOWER OIL LIMONENE BENZYL BENZOATE FARNESOL HELIANTHUS ANNUUS SEED OIL / SUNFLOWER SEED OIL,,,,,,,,,,,
Kiehls,Rare Earth Pore Refining Tonic,"Water,Alcohol Denat.,Glycerin,Propanediol,Silica,Phenoxyethanol,Zinc Oxide,Methyl Methacrylate Crosspolymer,Kaolin,Zinc Gluconate,Aloe Barbadensis/Aloe Barbadensis Leaf Juice,Avena Sativa Flour/Oat Kernel Flour,Menthoxypropanediol,Hamamelis Virginiana Water/Witch Hazel Leaf Water,Allantoin,Salicylic Acid",,,,,,,,,,,
Kiehls,Milk-Peel Gentle Exfoliating Toner,"Water,Hydrogenated Polydecene,Caprylic/Capric Triglyceride,Squalane,Carthamus Tinctorius Seed Oil / Safflower Seed Oil,1,2-Hexanediol,PEG-6 Caprylic/Capric Glycerides,PEG-40 Glyceryl Cocoate,Phenoxyethanol,Sodium Coceth Sulfate,Capryloyl,Salicylic Acid,Tromethamine,Ethylhexylglycerin,Citrus Nobilis Peel Oil / Mandarin Orange Peel Oil,Adenosine,Limonene,Caprylyl Glycol,Anthemis Nobilis Flower Oil,Cupressus Sempervirens Leaf/Nut/Stem Oil,Prunus Amygdalus Dulcis Seed Extract / Sweet Almond Seed Extract,Benzyl Alcohol,Xanthan Gum,Silybum Marianum Extract,Tocopherol,Dehydroacetic Acid,Lactic Acid",,,,,,,,,,,
Kiehls,Cucumber Herbal Alcohol-Free Toner,"WATER,PROPANEDIOL,PROPYLENE GLYCOL,PHENOXYETHANOL,SODIUM PCA,SODIUM BENZOATE,ALLANTOIN,CHAMOMILLA RECUTITA FLOWER EXTRACT / MATRICARIA FLOWER EXTRACT,GLUCOSE,CUCUMIS SATIVUS FRUIT EXTRACT / CUCUMBER FRUIT EXTRACT,ALOE BARBADENSIS LEAF JUICE POWDER,CAMPHOR,URTICA DIOICA EXTRACT / NETTLE EXTRACT,EQUISETUM ARVENSE EXTRACT,BETULA ALBA LEAF EXTRACT,CI 19140 / YELLOW 5,POTASSIUM SORBATE,CI 14700 / RED 4,CI 42090 / BLUE 1,SODIUM HYDROXIDE,CITRIC ACID",,,,,,,,,,,
Kiehls,Blue Astringent Herbal Lotion,"WATER,ALCOHOL DENAT.,ALUMINUM CHLOROHYDRATE,PEG-60 HYDROGENATED CASTOR OIL,SODIUM PCA,PARFUM / FRAGRANCE,CAMPHOR,MENTHOL,HAMAMELIS VIRGINIANA / WITCH HAZEL WATER,LIMONENE,CITRAL,ALOE BARBADENSIS / ALOE BARBADENSIS LEAF JUICE,CI 42090 / BLUE 1",,,,,,,,,,,
Kiehls,Cactus Flower & Tibetan-Ginseng Hydrating Mist,"WATER / EAU,ALCOHOL DENAT.,GLYCERIN,PEG-40 HYDROGENATED CASTOR OIL,LAVANDULA ANGUSTIFOLIA OIL / LAVENDER OIL,PELARGONIUM GRAVEOLENS FLOWER OIL,BUTYLENE GLYCOL,LINALOOL,CITRONELLOL,HYDROLYZED OPUNTIA FICUS-INDICA FLOWER EXTRACT,GERANIOL,ROSMARINUS OFFICINALIS LEAF OIL / ROSEMARY LEAF OIL,PHENOXYETHANOL,RHODIOLA CRENULATA ROOT EXTRACT,ETHYLHEXYLGLYCERIN,CITRAL,LIMONENE",,,,,,,,,,,
Kiehls,Clearly Corrective Brightening & Soothing Treatment Water,"WATER,GLYCERIN,DIPROPYLENE GLYCOL,BUTYLENE GLYCOL,ALCOHOL DENAT.,METHYL GLUCETH-20,3-O-ETHYL ASCORBIC ACID,PHENOXYETHANOL,SODIUM CITRATE,DIPOTASSIUM GLYCYRRHIZATE,PPG-6-DECYLTETRADECETH-30,CITRIC ACID,HYDROXYPROPYL TETRAHYDROPYRANTRIOL,PROPYLENE GLYCOL,SALICYLIC ACID,XANTHAN GUM,LAVANDULA ANGUSTIFOLIA OIL / LAVENDER OIL,DISODIUM EDTA,LINALOOL,SYNTHETIC FLUORPHLOGOPITE,CI 77891 / TITANIUM DIOXIDE,CITRUS AURANTIUM TACHIBANA PEEL EXTRACT,PAEONIA SUFFRUTICOSA ROOT EXTRACT,TOCOPHEROL",,,,,,,,,,,
Kiehls,Nightly Refining Micro-Peel Concentrate,"Alcohol Denat.,Hydroxyethylpiperazine Ethane Sulfonic Acid,Hydroxyethyl Urea,Sodium Citrate,Vaccinium Myrtillus Fruit Extract,Sodium Hydroxide,Chenopodium Quinoa Seed Extract,Saccharum Officinarum Extract/Sugar Cane Extract,Glycerin,Propanediol,Phytic Acid,Carrageenan,Phenoxyethanol,Citrus Aurantium Dulcis Fruit Water/Orange Fruit Water,Citrus Limon Fruit Extract/Lemon Fruit Extract,Disodium EDTA,Acer Saccharinum Extract/Sugar Maple Extract,Hydrolyzed Opuntia Ficus-Indica Flower Extract,Potassium Sorbate,Aloe Barbadensis Leaf Juice Powder,Adenosine,Ethylhexylglycerin,Citrus Aurantium Dulcis Juice/Orange Juice,Sodium Benzoate,Ascorbyl Glucoside",,,,,,,,,,,
Kiehls,Youth Dose Eye Treatment,"Water,Dimethicone,Glycerin,Dimethicone/Vinyl Dimethicone Crosspolymer,Vinyl Dimethicone/Methicone Silsesquioxane Crosspolymer,Hydroxypropyl Tetrahydropyrantriol,Isonoyl Isononanoate,Propylene Glycol,Ascorbyl Glucoside,Octyldodecanol,Lauryl PEG-9 Polydimethylsiloxyethyl Dimethicone,Methyl Methacrylate Crosspolymer,Boron,Nitride,CI 77891/Titanium Dioxide,Mica,Phenoxyethanol,PEG/PPG- 18/18 Dimethicone,Silica Silylate,Hydrolyzed Soy Protein,CI 77163/Bismuth Oxychloride,Sodium Hyaluronate,Chlorphenesin,Magnesium Sulfate,Sodium Hydroxide,Caffeine,Retinyl Palmitate,Vitis Vinifera Seed Extract/Grape Seed Extract,Capryloyl Salicylic Acid,Pentaerythrityl Tetra-Di-T-Butyl Hydroxyhydrocinnamate,Tetrasodium EDTA,CI 77491/Iron Oxides,Adenosine,Pentylene Glycol,Tocopherol",,,,,,,,,,,
Kiehls,Super Multi-Corrective Eye-Opening Serum,"Water,Rhamnose,Glycerin,Alcohol Denat.,Dimethicone,Hydroxyethylpiperazine Ethane Sulfonic Acid,Octyldodecanol,Sodium Hyaluronate,Mica,Phenoxyethanol,Ammonium Polyacryldimethyltauramide/ Ammonium Polyacryloyldimethyl Taurate,CI 77891/Titanium Dioxide,Chlorphenesin,Acrylates/ C10-30 Alkyl Acrylate Crosspolymer,Triethanolamine,Xanthan Gum,PEG-20 Methyl Glucose Sesquistearate,Disodium EDTA,Adenosine,Salicyloyl Phytosphingosine.",,,,,,,,,,,
Kiehls,Vital Skin-Strengthening Hyaluronic Acid Super Serum,"WATER,DIMETHICONE,GLYCERIN,ALCOHOL DENAT.,HAMAMELIS VIRGINIANA WATER / WITCH HAZEL WATER,PROPANEDIOL,PHENOXYETHANOL,TOCOPHEROL,AMMONIUM POLYACRYLOYLDIMETHYL TAURATE,SCHISANDRA CHINENSIS FRUIT EXTRACT,CAPRYLOYL SALICYLIC ACID,CAPRYLYL GLYCOL,XANTHAN GUM,PEG-60 HYDROGENATED CASTOR OIL,PANAX GINSENG ROOT EXTRACT,SODIUM ACETYLATED HYALURONATE,PEG-20 METHYL GLUCOSE SESQUISTEARATE,DISODIUM EDTA,OCIMUM SANCTUM LEAF EXTRACT,CITRUS AURANTIUM DULCIS PEEL OIL / ORANGE PEEL OIL,LIMONENE,ADENOSINE,SODIUM HYDROXIDE,METHYLDIHYDROJASMONATE,CITRIC ACID,EUGENOL,SODIUM BENZOATE,PELARGONIUM GRAVEOLENS FLOWER OIL,CITRAL,POTASSIUM SORBATE,LAVANDULA ANGUSTIFOLIA OIL / LAVENDER OIL,CYMBOPOGON SCHOENANTHUS OIL,CITRONELLOL,LINALOOL,GERANIOL,ROSMARINUS OFFICINALIS LEAF OIL / ROSEMARY LEAF OIL",,,,,,,,,,,
Kiehls,Calendula Herbal-Extract Alcohol-Free Toner,"WATER,PROPYLENE GLYCOL,PROPANEDIOL,PHENOXYETHANOL,CHLORPHENESIN,ARCTIUM LAPPA ROOT EXTRACT,DISODIUM EDTA,CALENDULA OFFICINALIS FLOWER EXTRACT,CALENDULA OFFICINALIS FLOWER,HYDROLYZED CORN STARCH,ALLANTOIN,HEDERA HELIX EXTRACT - IVY LEAF/STEM EXTRACT,GLYCERIN,ALTHAEA OFFICINALIS ROOT EXTRACT,SODIUM HYDROXIDE,CITRIC ACID",,,,,,,,,,,
Kiehls,Daily Reviving Concentrate Face Oil,"Caprylic/Capric Triglyceride,Dicaprylyl Ether,Dicaprylyl Carbonate,Squalane,Canola Oil,Helianthus Annuus Seed Oil Unsaponifiables/Sunflower Seed Oil Unsaponifiables,Tocopherol,Limonene,Citrus Aurantium Dulcis Peel Oil/Orange Peel Oil,Coriandrum Sativum Seed Oil/Coriander Seed Oil,Calophyllum Inophyllum Seed Oil,Rosa Rubiginosa Seed Oil,Citrus Grandis Peel Oil/Grapefruit Peel Oil,Zingiber Officinale Root Oil/Ginger Root Oil,Linalool,Citral,Geraniol,Malpighia Punicifolia/Acerola Fruit Extract",,,,,,,,,,,
SK-II,Facial Treatment Essence / Pitera Essence,"Galactomyces Ferment Filtrate (Pitera),Butylene Glycol,Pentylene Glycol,Water,Sodium Benzoate,Methylparaben,Sorbic Acid",,,,,,,,,,,
SK-II,GenOptics Aura Essence Serum,"Water,Galactomyces Ferment Filtrate (Pitera),Niacinamide,Butylene Glycol,Triethylhexanoin,Pentylene Glycol,Glycerin,Nylon-12,Phytosteryl/Octyldodecyl Lauroyl Glutamate,Polymethylsilsesquioxane,Boron Nitride,Panthenol,PEG-20 Sorbitan Cocoate,Inositol,Caprylic/Capric Triglyceride,Mica,Phenoxyethanol,Acrylates/C10-30 Alkyl Acrylate Crosspolymer,PEG-11 Methyl Ether Dimethicone,Polyacrylamide,Aminomethyl Propanol,Undecylenoyl Phenylalanine,Benzyl Alcohol,C13-14 Isoparaffin,Disodium EDTA,Hydrolyzed Prunus Domestica,Xanthan Gum,Sodium Benzoate,Hexyldecanol,Laureth-7,Citrus Reticulata Peel Extract/Citrus Reticulata (Tangerine) Peel Extract,Methylparaben,Ascorbyl Glucoside,Prunus Mume Fruit Extract,Tocopherol,Fragrance,Limonene,Citronellol,Linalool,Geraniol,Ci 77891 (Titanium Dioxide)",,,,,,,,,,,
SK-II,SKINPOWER Essence Serum,"Water,Galactomyces Ferment Filtrate (Pitera),Glycerin,Butylene Glycol,Niacinamide,Polymethylsilsesquioxane,Peg-32,Pentylene Glycol,Xylitol,Peg/Ppg/Polybutylene Glycol-8/5/3 Glycerin,Vinyl Dimethicone/Methicone Silsesquioxane Crosspolymer,Dimethicone,Panthenol,Phenoxyethanol,Acrylates/C10-30 Alkyl Acrylate Crosspolymer,Polysorbate 20,Polyacrylamide,Benzyl Alcohol,Dimethiconol,Aminomethyl Propanol,C13-14 Isoparaffin,Disodium Edta,Paeonia Albiflora Root Extract,Sodium Benzoate,Xanthan Gum,Laureth-7,Peg-7 Glyceryl Cocoate,Methylparaben,Peg-11 Methyl Ether Dimethicone,Peg-100 Stearate,Fragrance,Houttuynia Cordata Extract,Palmitoyl Pentapeptide-4,Methylsilanol Tri-Peg-8 Glyceryl Cocoate,Polyquaternium-7,Zantedeschia Aethiopica Flower/Stem Extract",,,,,,,,,,,
SK-II,GenOptics Spot Essence Serum,"Water,Galactomyces Ferment Filtrate (Pitera),Butylene Glycol,Cyclopentasiloxane,Niacinamide,Triethylhexanoin,Glycerin,Pentylene Glycol,Nylon-12,Phytosteryl/Octyldodecyl Lauroyl Glutamate,Inositol,Polymethylsilsesquioxane,Boron Nitride,Caprylic/Capric Triglyceride,Panthenol,Peg-20 Sorbitan Cocoate,Dimethicone/Vinyl Dimethicone Crosspolymer,Acrylates/C10-30 Alkyl Acrylate Crosspolymer,Phenoxyethanol,Peg-11 Methyl Ether Dimethicone,Polyacrylamide,Laureth-7,Benzyl Alcohol,Aminomethyl Propanol,C13-14 Isoparaffin,Disodium Edta,Methylparaben,Hexyldecanol,Sodium Benzoate,Xanthan Gum,Ascorbyl Glucoside,Laminaria Saccharina Extract,Tocopherol,Zea Mays Oil/Zea Mays (Corn) Oil,Methicone,Ci 77492 (Iron Oxides),Ci 75130 (Beta-Carotene)",,,,,,,,,,,
SK-II,SKINPOWER Eye Cream,"Water,Glycerin,Galactomyces Ferment Filtrate (Pitera),Niacinamide,Isohexadecane,Butylene Glycol,Pentylene Glycol,Trehalose,Isopropyl Isostearate,Petrolatum,Dimethicone,Caprylic/Capric Triglyceride,Vinyl Dimethicone/Methicone Silsesquioxane Crosspolymer,Polyacrylamide,Polymethylsilsesquioxane,Phytosteryl/Behenyl/Octyldodecyl Lauroyl Glutamate,Stearyl Alcohol,Cetyl Alcohol,C13-14 Isoparaffin,Behenyl Alcohol,Dipentaerythrityl Tri-Polyhydroxystearate,Panthenol,Tocopheryl Acetate,Benzyl Alcohol,Dimethiconol,Methylparaben,Peg-100 Stearate,Cetearyl Alcohol,Cetearyl Glucoside,Laureth-7,Mica,Disodium Edta,Paeonia Albiflora Root Extract,Propylparaben,Palmitic Acid,Stearic Acid,Ethylparaben,Fragrance,Peg-7 Glyceryl Cocoate,Sodium Hydroxide,Hydrolyzed Lupine Protein,Medicago Sativa (Alfalfa) Extract,Houttuynia Cordata Extract,Palmitoyl Pentapeptide-4,Methylsilanol Tri-Peg-8 Glyceryl Cocoate,Polyquaternium-7,Methicone,Zantedeschia Aethiopica Flower/Stem Extract,Ci 77891,Ci 77492",,,,,,,,,,,
SK-II,SKINPOWER Cream,"Water,Glycerin,Galactomyces Ferment Filtrate (Pitera),Isohexadecane,Niacinamide,Isopropyl Isostearate,Butylene Glycol,Butyrospermum Parkii (Shea) Butter,Caprylic/Capric Triglyceride,Pentylene Glycol,Dimethicone,Phytosteryl/Behenyl/Octyldodecyl Lauroyl Glutamate,Vinyl Dimethicone/Methicone Silsesquioxane Crosspolymer,Stearyl Alcohol,Cetyl Alcohol,Sodium Acrylate/Sodium Acryloyldimethyl Taurate Copolymer,Behenyl Alcohol,Panthenol,Tocopheryl Acetate,Benzyl Alcohol,Dimethiconol,Peg-100 Stearate,Cetearyl Alcohol,Cetearyl Glucoside,Polysorbate 80,Polymethylsilsesquioxane,Methylparaben,Disodium Edta,Fragrance,Paeonia Albiflora Root Extract,Palmitic Acid,Stearic Acid,Propylparaben,Ethylparaben,Sorbitan Oleate,Peg-7 Glyceryl Cocoate,Sodium Hydroxide,Houttuynia Cordata Extract,Palmitoyl Pentapeptide-4,Methylsilanol Tri-Peg-8 Glyceryl Cocoate,Zantedeschia Aethiopica Flower/Stem Extract,Polyquaternium-7,Methicone,Ci 77891,Ci 77492",,,,,,,,,,,
Dior,CAPTURE TOTALE Super Potent Serum ,"WATER,GLYCERIN,NIACINAMIDE,BUTYLENE GLYCOL,SQUALANE,LIMNANTHES ALBA (MEADOWFOAM) SEED OIL,PENTYLENE GLYCOL,ALCOHOL,PROPANEDIOL,BETAINE,DIGLYCERIN,LAUROYL LYSINE,PEG-8,AFRAMOMUM ANGUSTIFOLIUM SEED EXTRACT,PAEONIA LACTIFLORA ROOT EXTRACT,LILIUM CANDIDUM BULB EXTRACT,JASMINUM OFFICINALE (JASMINE) FLOWER EXTRACT,SODIUM SURFACTIN,SODIUM ACETYLATED HYALURONATE,HYDROLYZED SOY PROTEIN,ASCORBYL GLUCOSIDE,SODIUM TOCOPHERYL PHOSPHATE,ADENOSINE,XYLITOL,TREHALOSE,PALMARIA PALMATA EXTRACT,SODIUM HYALURONATE,HYDROXYETHYL ACRYLATE/SODIUM ACRYLOYLDIMETHYL TAURATE COPOLYMER,BORON NITRIDE,CAPRYLYL GLYCOL,HYDROGENATED LECITHIN,PARFUM (FRAGRANCE),CHLORPHENESIN,ALCALIGENES POLYSACCHARIDES,POLYSORBATE 60,SORBITAN ISOSTEARATE,CI 14700 (RED 4),CI 60730 (EXT. VIOLET 2),SODIUM BENZOATE,POTASSIUM SORBATE,TOCOPHEROL",,,,,,,,,,,
Dior,ONE ESSENTIALSkin Boosting Super Serum,"WATER,BUTYLENE GLYCOL,GLYCERIN,CAPRYLIC/CAPRIC/SUCCINIC TRIGLYCERIDE,ALCOHOL,POLYMETHYLSILSESQUIOXANE,PROPANEDIOL,MALTITOL,PEG-60 HYDROGENATED CASTOR OIL,MALVA SYLVESTRIS (MALLOW) EXTRACT,HIBISCUS SABDARIFFA FLOWER EXTRACT,AFRAMOMUM ANGUSTIFOLIUM SEED EXTRACT,LILIUM CANDIDUM BULB EXTRACT,PEG-32,PEG-8,PENTYLENE GLYCOL,DECYLOXAZOLIDINONE,ACRYLATES/C10-30 ALKYL ACRYLATE CROSSPOLYMER,MALTODEXTRIN,CHLORPHENESIN,PARFUM (FRAGRANCE),PEG-7 GLYCERYL COCOATE,TETRASODIUM EDTA,FAEX (YEAST EXTRACT),SODIUM HYDROXIDE,HYDROXYACETOPHENONE,LECITHIN,SQUALANE,PYRUS CYDONIA SEED EXTRACT,ALCALIGENES POLYSACCHARIDES,DIMETHYLMETHOXY CHROMANOL,ADENOSINE,SORBITOL,XANTHAN GUM,BIOSACCHARIDE GUM-1,SODIUM METABISULFITE,SODIUM TOCOPHERYL PHOSPHATE,ALGIN,1,2-HEXANEDIOL,CAPRYLYL GLYCOL,POTASSIUM SORBATE,CITRIC ACID,LIMONENE,POLYVINYL ALCOHOL,ALPHA-ISOMETHYL IONONE,CELLULOSE GUM,GERANIOL,SODIUM BENZOATE,CITRONELLOL,PHAEODACTYLUM TRICORNUTUM EXTRACT,HABERLEA RHODOPENSIS LEAF EXTRACT",,,,,,,,,,,
Dior,CAPTURE DREAMSKIN,"WATER,DIMETHICONE,CYCLOPENTASILOXANE,GLYCERIN,BUTYROSPERMUM PARKII (SHEA) BUTTER,NIACINAMIDE,POLYSILICONE-11,PEG-9 POLYDIMETHYLSILOXYETHYL DIMETHICONE,ALCOHOL,METHYL METHACRYLATE CROSSPOLYMER,BUTYLENE GLYCOL,CI 77891 (TITANIUM DIOXIDE),PARFUM (FRAGRANCE),MICA,DISTEARDIMONIUM HECTORITE,PHENOXYETHANOL,BORON NITRIDE,DECYLOXAZOLIDINONE,MAGNESIUM SULFATE,SORBITAN SESQUIOLEATE,XYLITOL,PROPYLENE CARBONATE,CITRIC ACID,MENTHOXYPROPANEDIOL,ASCORBYL GLUCOSIDE,SODIUM BENZOATE,SYNTHETIC FLUORPHLOGOPITE,TRIETHOXYCAPRYLYLSILANE,SODIUM HYDROXIDE,ADENOSINE,SAPONINS,POTASSIUM SORBATE,LIMONENE,MALVA SYLVESTRIS (MALLOW) EXTRACT,ALUMINUM HYDROXIDE,CI 77491 (IRON OXIDES),TOCOPHEROL,GERANIOL,SACCHARIDE ISOMERATE,PALMARIA PALMATA EXTRACT,ALPHA-ISOMETHYL IONONE,CITRONELLOL,CI 77492 (IRON OXIDES),CITRAL,AFRAMOMUM ANGUSTIFOLIUM SEED EXTRACT,JASMINUM OFFICINALE (JASMINE) FLOWER EXTRACT",,,,,,,,,,,
Dior,CAPTURE TOTALE SUPER POTENT EYE SERUM,"WATER,GLYCERIN,PROPANEDIOL,NIACINAMIDE,BUTYLENE GLYCOL,DIGLYCERIN,POLYGLYCERIN-3,BORON NITRIDE,AFRAMOMUM ANGUSTIFOLIUM SEED EXTRACT,PAEONIA LACTIFLORA ROOT EXTRACT,LILIUM CANDIDUM BULB EXTRACT,JASMINUM OFFICINALE (JASMINE) FLOWER EXTRACT,AVENA SATIVA (OAT) KERNEL EXTRACT,SACCHAROMYCES CEREVISIAE EXTRACT,SECALE CEREALE (RYE) SEED EXTRACT,ASCORBYL GLUCOSIDE,ADENOSINE,SODIUM TOCOPHERYL PHOSPHATE,PALMARIA PALMATA EXTRACT,HYDROLYZED SOY PROTEIN,ALCOHOL,XYLITOL,CHLORPHENESIN,PARFUM (FRAGRANCE),HYDROXYACETOPHENONE,CI 77891 (TITANIUM DIOXIDE),SODIUM HYDROXIDE,SODIUM SURFACTIN,PYRUS CYDONIA SEED EXTRACT,SODIUM BENZOATE,BIOSACCHARIDE GUM-2,1,2-HEXANEDIOL,SODIUM ACETYLATED HYALURONATE,SODIUM METABISULFITE,POTASSIUM SORBATE,TREHALOSE,PENTYLENE GLYCOL,CARBOMER,ACRYLATES/C10-30 ALKYL ACRYLATE CROSSPOLYMER,MICA,CAPRYLYL GLYCOL",,,,,,,,,,,
Dior,ONE ESSENTIAL Eye serum,"WATER,BUTYLENE GLYCOL,GLYCERIN,CETEARYL ISONONANOATE,HIBISCUS SABDARIFFA FLOWER EXTRACT,MALVA SYLVESTRIS (MALLOW) EXTRACT,AFRAMOMUM ANGUSTIFOLIUM SEED EXTRACT,RUSCUS ACULEATUS ROOT EXTRACT,DIMETHYLMETHOXY CHROMANOL,HABERLEA RHODOPENSIS LEAF EXTRACT,N-HYDROXYSUCCINIMIDE,ACETYL TETRAPEPTIDE-5,PHAEODACTYLUM TRICORNUTUM EXTRACT,CHRYSIN,SORBITOL,PARFUM (FRAGRANCE),ALCOHOL,SODIUM HYDROXIDE,ALGIN,XANTHAN GUM,STEARETH-20,SORBITAN ISOSTEARATE,POLYVINYL ALCOHOL,BIOSACCHARIDE GUM-2,CELLULOSE GUM,SODIUM METABISULFITE,POLOXAMER 338,CITRIC ACID,POTASSIUM SORBATE,SILICA,SODIUM CITRATE,DEHYDROACETIC ACID,ETHYLENE/ACRYLIC ACID COPOLYMER,METHYL METHACRYLATE CROSSPOLYMER,POLYACRYLATE-13,PHENOXYETHANOL,POLYISOBUTENE,ACRYLATES/C10-30 ALKYL ACRYLATE CROSSPOLYMER,CAPRYLYL GLYCOL,POLYSORBATE 20,DISODIUM EDTA,BENZYL ALCOHOL,LIMONENE,ALPHA-ISOMETHYL IONONE,GERANIOL,PALMITOYL TETRAPEPTIDE-9",,,,,,,,,,,
Dior,CAPTURE TOTALE SUPER POTENT RICH CREME,"Water,Glycerin,Niacinamide,Caprylic/Capric/Succinic Triglyceride,Butylene Glycol,Dicaprylyl Ether,Cetyl Alcohol,Glyceryl Stearate,PEG-100 Stearate,Hydrogenated Coco-Glycerides,Lauroyl Lysine,Jojoba Esters,Isostearyl Hydroxystearate,C10-18 Triglycerides,Polyglyceryl-3 Beeswax,Aframomum Angustifolium Seed Extract,Paeonia Lactiflora Root Extract,Lilium Candidum Bulb Extract,Jasminum Officinale (Jasmine) Flower Extract,Ascorbyl Glucoside,Adenosine,Sodium Tocopheryl Phosphate,Palmaria Palmata Extract,Hydrolyzed Soy Protein,Parfum (Fragrance),Stearyl Alcohol,Microcrystalline Cellulose,Xylitol,Chlorphenesin,Prunus Amygdalus Dulcis (Sweet Almond) Oil,Xanthan Gum,Ceramide NP,Sodium Acetylated Hyaluronate,Sodium Surfactin,Cellulose Gum,Sodium Hydroxide,Trisodium Ethylenediamine Disuccinate,Pentaerythrityl Tetra-Di-T-Butyl Hydroxyhydrocinnamate,Sodium Benzoate,Trehalose,Potassium Sorbate,Paeonia Officinalis Flower Extract,Tocopherol,CI 14700 (Red 4),Dimethicone,Caprylyl Glycol,Acrylates/C10-30 Alkyl Acrylate Crosspolymer,Dimethiconol,Alpha-Isomethyl Ionone,Limonene",,,,,,,,,,,
Dior,CAPTURE TOTALE Intensive restorative night creme,"WATER,GLYCERIN,DECYL OLEATE,C10-18 TRIGLYCERIDES,DIMETHICONE,MANGIFERA INDICA (MANGO) SEED BUTTER,BUTYLENE GLYCOL,CETYL ALCOHOL,DIGLYCERIN,PENTYLENE GLYCOL,HYDROGENATED COCO-GLYCERIDES,HYDROGENATED POLYISOBUTENE,ALUMINUM STARCH OCTENYLSUCCINATE,DECYLOXAZOLIDINONE,GLYCERYL STEARATE,MYRETH-3 MYRISTATE,MALVA SYLVESTRIS (MALLOW) EXTRACT,AFRAMOMUM ANGUSTIFOLIUM SEED EXTRACT,TOCOPHERYL ACETATE,SECALE CEREALE (RYE) SEED EXTRACT,DIMETHYLMETHOXY CHROMANOL,ADENOSINE,HYDROLYZED SOY PROTEIN,SODIUM TOCOPHERYL PHOSPHATE,HYDROLYZED RICE PROTEIN,OENOTHERA BIENNIS (EVENING PRIMROSE) ROOT EXTRACT,KLUYVEROMYCES EXTRACT,POLYGONUM BISTORTA ROOT EXTRACT,VITIS VINIFERA (GRAPE) SEED EXTRACT,ALCOHOL,PARFUM (FRAGRANCE),STEARYL ALCOHOL,CETETH-20,STEARETH-20,XANTHAN GUM,SODIUM HYDROXIDE,FAEX (YEAST EXTRACT),CITRIC ACID,SORBITOL,SODIUM METABISULFITE,ALGIN,POLYVINYL ALCOHOL,CELLULOSE GUM,ETHYLHEXYLGLYCERIN,SODIUM BENZOATE,TOCOPHEROL,POTASSIUM SORBATE,PEG-75 STEARATE,PHENOXYETHANOL,DIMETHICONOL,ACRYLATES/C10-30 ALKYL ACRYLATE CROSSPOLYMER,DISODIUM EDTA,HYDROGENATED PALM GLYCERIDES CITRATE",,,,,,,,,,,
YSL,OR ROUGE ANTI-AGING CR??E FINE,"WATER,GLYCERIN,BUTYLENE Glycol,PRUNUS ARMENIACA KERNEL OIL / APRICOT KERNEL OIL,ALCOHOL DENAT,BUTYROSPERMUM PARKII BUTTER / SHEA BUTTER,Dimethicone,HYDROXYPROPYL TETRAHYDROPYRANTRIOL,mannose,Propylene Glycol,AMMONIUM polyacryloyldimethyl taurate,hydroxyethylpiperazine ETHANE SULFONIC ACID,CROCUS SATIVUS FLOWER EXTRACT,TIN OXIDE,GLYCERYL STEARATE,SODIUM HYALURONATE,SODIUM HYDROXIDE,SODIUM PCA,RHAMNOSE,HAEMATOCOCCUS PLUVIALIS EXTRACT,ADENOSINE,PROPANEDIOL,CAPRYLIC / CAPRIC TRIGLYCERIDE,CITRIC ACID,BIOSACCHARIDE GUM-1,SYNTHETIC FLUORPHLOGOPY,CETYL ALCOHOL,TOCOPHEROL,PENTAERYTHRITYL TETRA-DI-T-BUTYL HYDROXYHYDROCINNAMATE,PHENOXYETHANOL,CHLORPHENESIN,CI 77891 / TITANIUM DIOXIDE,LINALOOL,GERANIOL,COUMARIN,LIMONENE,CITRAL,CITRONELLOL,BENZYL ALCOHOL,PERFUME /FRAGRANCE",,,,,,,,,,,
YSL,OR ROUGE ANTI-AGING CR??E RICHE,"WATER,GLYCERIN,BUTYLENE Glycol,PRUNUS ARMENIACA KERNEL OIL / APRICOT KERNEL OIL,ALCOHOL DENAT,BUTYROSPERMUM PARKII BUTTER / SHEA BUTTER,Dimethicone,HYDROXYPROPYL TETRAHYDROPYRANTRIOL,mannose,Propylene Glycol,AMMONIUM polyacryloyldimethyl taurate,hydroxyethylpiperazine ETHANE SULFONIC ACID,CROCUS SATIVUS FLOWER EXTRACT,TIN OXIDE,GLYCERYL STEARATE,SODIUM HYALURONATE,SODIUM HYDROXIDE,SODIUM PCA,RHAMNOSE,HAEMATOCOCCUS PLUVIALIS EXTRACT,ADENOSINE,PROPANEDIOL,CAPRYLIC / CAPRIC TRIGLYCERIDE,CITRIC ACID,BIOSACCHARIDE GUM-1,SYNTHETIC FLUORPHLOGOPY,CETYL ALCOHOL,TOCOPHEROL,PENTAERYTHRITYL TETRA-DI-T-BUTYL HYDROXYHYDROCINNAMATE,PHENOXYETHANOL,CHLORPHENESIN,CI 77891 / TITANIUM DIOXIDE,LINALOOL,GERANIOL,COUMARIN,LIMONENE,CITRAL,CITRONELLOL,BENZYL ALCOHOL,PERFUME /FRAGRANCE",,,,,,,,,,,
YSL,PURE SHOTS SOFT POLISH DOUBLE ESSENCE,"WATER,ALCOHOL DENAT.,ISONONYL ISONONANOATE,GLYCOLIC ACID,BUTYLENE GLYCOL,DIPROPYLENE GLYCOL,SODIUM HYDROXIDE,CAPRYLYL GLYCOL,ASCORBYL GLUCOSIDE,TRISODIUM ETHYLENEDIAMINE DISUCCINATE,ADENOSINE,ARGANIA SPINOSA KERNEL OIL,FAGUS SYLVATICA BUD EXTRACT,TOCOPHEROL,PENTYLENE GLYCOL,FAEX EXTRACT / YEAST EXTRACT,BENZOIC ACID,SORBIC ACID,ZINGIBER OFFICINALE ROOT EXTRACT / GINGER ROOT EXTRACT,CAPRYLOYL SALICYLIC ACID,HAEMATOCOCCUS PLUVIALIS EXTRACT,CAPRYLIC/CAPRIC TRIGLYCERIDE,PARFUM / FRAGRANCE",,,,,,,,,,,
YSL,PURE SHOTS LINES AWAY ANTI-AGING SERUM,"Water,Butylene Glycol,Glycerin,Rhamnose,Alcohol Denat.,Hydroxypropyl Tetrahydropyrantriol,Propylene Glycol,Peg/Ppg/Polybutylene Glycol-8/5/3 Glycerin,Dimethicone,Hydroxyethylpiperazine Ethane Sulfonic Acid,Coco-Glucoside,Lactic Acid,Sodium Hydroxide,Sodium Lactate,Sodium Hyaluronate,Sodium Benzoate,Sodium Chloride,Phenoxyethanol,Adenosine,Acetyl Tetrapeptide-9,Iris Florentina Root Extract,Chlorphenesin,Cellulose Acetate Butyrate,Polyphosphorylcholine Glycol Acrylate,Polyvinyl Alcohol,Ammonium Polyacryloyldimethyl Taurate,Dimethiconol,Benzyl Salicylate,Benzoic Acid,Linalool,Benzyl Alcohol,Caprylyl Glycol,Carbomer,Cereus Grandiflorus Flower Extract/Cactus Flower Extract,Carrageenan,Citric Acid,Potassium Sorbate,Glucose,Glycol Distearate,Glyceryl Oleate,Glyceryl Stearate,Parfum/Fragrance",,,,,,,,,,,
YSL,PURE SHOTS Y SHAPE FIRMING SERUM,"Water,Butylene Glycol,Glycerin,Bis-Peg-18 Methyl Ether Dimethyl Silane,Methyl Gluceth-10,Polyglyceryl-5 Laurate,Ppg-6-Decyltetradeceth-30,Isopropyl Lauroyl Sarcosinate,Ethylhexyl Palmitate,Chlorphenesin,Phenoxyethanol,Sodium Methyl Stearoyl Taurate,Salicylic Acid,Xanthan Gum,Acetyl Trifluoromethylphenyl Valylglycine,Pentylene Glycol,Sodium Hyaluronate,Tetrasodium Glutamate Diacetate,Faex Extract/Yeast Extract,Adenosine,Hydrolyzed Opuntia Ficus-Indica Flower Extract,Sodium Hydroxide,Benzyl Salicylate,Benzyl Alcohol,Tocopherol,Ethylhexylglycerin,Sodium Chloride,Hydrolyzed Rhodophyceae Extract,Acetyl Tetrapeptide-9,Parfum/Fragrance",,,,,,,,,,,
YSL,PURE SHOTS NIGHT REBOOT RESURFACING SERUM,"Water,Caprylic/Capric Triglyceride,Limnanthes Alba Seed Oil/Meadowfoam Seed Oil,Isononyl Isononanoate,Glycolic Acid,Propylene Glycol,Alcohol Denat.,Glycerin,Sodium Hydroxide,Hydroxyethylpiperazine Ethane Sulfonic Acid,Argania Spinosa Kernel Oil,Glucose,Calendula Officinalis Flower Extract,Cereus Grandiflorus Flower Extract/Cactus Flower Extract,Haematococcus Pluvialis Extract,Adenosine,Ascorbyl Glucoside,Hydrolyzed Linseed Extract,Citric Acid,Lactic Acid,Xanthan Gum,Panthenol,Tocopherol,Potassium Sorbate,Sodium Benzoate,Salicylic Acid,Caramel,Limonene,Parfum/Fragrance",,,,,,,,,,,
YSL,PURE SHOTS LIGHT UP BRIGHTENING SERUM,"Water,Caprylic/Capric Triglyceride,Limnanthes Alba Seed Oil/Meadowfoam Seed Oil,Isononyl Isononanoate,Glycolic Acid,Propylene Glycol,Alcohol Denat.,Glycerin,Sodium Hydroxide,Hydroxyethylpiperazine Ethane Sulfonic Acid,Argania Spinosa Kernel Oil,Glucose,Calendula Officinalis Flower Extract,Cereus Grandiflorus Flower Extract/Cactus Flower Extract,Haematococcus Pluvialis Extract,Adenosine,Ascorbyl Glucoside,Hydrolyzed Linseed Extract,Citric Acid,Lactic Acid,Xanthan Gum,Panthenol,Tocopherol,Potassium Sorbate,Sodium Benzoate,Salicylic Acid,Caramel,Limonene,Parfum/Fragrance",,,,,,,,,,,
Shiseido,Ultimune Power Infusing Concentrate,"Water,Alcohol Denat.,Glycerin,Butylene Glycol,PEG/PPG-17/4 Dimethyl Ether,Triethylhexanoin,Cyclohexasiloxane,Dimethicone,Phenoxyethanol,Trehalose,Ammonium Acryloyldimethyltaurate/Beheneth-25 Methacrylate Crosspolymer,PEG-14M,Acrylates/C10-30 Alkyl Acrylate Crosspolymer,Tocopheryl Acetate,PEG/PPG-14/7 Dimethyl Ether,Rosa Damascena Flower Water,Fragrance (Parfum),Disodium EDTA,Potassium Hydroxide,Silica,Isoceteth-10,Linalool,Lauryl Betaine,Ginkgo Biloba Leaf Extract,Geraniol,Citronellol,Origanum Majorana Leaf Extract,Nelumbo Nucifera Germ Extract,Alcohol,Sodium Carboxymethyl Beta-Glucan,BHT,Thymus Serpyllum Extract,Perilla Ocymoides Leaf Extract,Sodium Bicarbonate,Iris Florentina Root Extract,Sodium Benzoate,Ganoderma Lucidum (Mushroom) Stem Extract",,,,,,,,,,,
Shiseido,Ultimune Eye Ultimate Power Infusing Eye Concentrate,"Water,Dimethicone,Glycerin,Dipropylene Glycol,Alcohol Denat.,Sorbitol,Peg-10 Dimethicone,Dimethicone/Vinyl Dimethicone Crosspolymer,Methyl Gluceth-10,Sodium Chloride,Nylon-12,Peg/Ppg-19/19 Dimethicone,Hydrogenated Polyisobutene,Phenoxyethanol,Cetyl Ethylhexanoate,Erythritol,Saccharide Isomerate,Cellulose Gum,Butylene Glycol,Peg/Ppg-14/7 Dimethyl Ether,Tocopheryl Acetate,Rosa Damascena Flower Water,Fragrance (Parfum),Tocopherol,Trisodium Edta,Citric Acid,Sodium Citrate,Ppg-3 Dipivalate,Phytosteryl Macadamiate,Linalool,Sodium Metabisulfite,Geraniol,Ginkgo Biloba Leaf Extract,Citronellol,Origanum Majorana Leaf Extract,Nelumbo Nucifera Germ Extract,Alcohol,Sodium Carboxymethyl Beta-Glucan,Thymus Serpyllum Extract,Perilla Ocymoides Leaf Extract,Iris Florentina Root Extract,Ganoderma Lucidum (Mushroom) Stem Extract",,,,,,,,,,,
Shiseido,Benefiance Wrinkle Smoothing Eye Cream,"Water,Hydrogenated Polydecene,Glycerin,Mineral Oil(Paraffinum Liquidum/Huile Minerale),Petrolatum,Butylene Glycol,Paraffin,Polyglyceryl-2 Diisostearate,Squalane,Glyceryl Oleate,Sodium Pca,Glutamic Acid,Dipropylene Glycol,Carnosine,Beeswax(Cera Alba/Cire D'abeille),Microcrystalline Wax(Cera Microcristallina/Cire Microcristalline),Sodium Hydroxide,Alcohol,Polyethylene,Methylparaben,Tocopheryl Acetate,Ethylparaben,Phytosteryl/Octyldodecyl Lauroyl Glutamate,Fragrance (Parfum),Trisodium Edta,Tocopherol,Sodium Metabisulfite,Caffeine,Iron Oxides (Ci 77492),Peg/Ppg-14/7 Dimethyl Ether,Ppg-3 Dipivalate,Linalool,Limonene,Sapindus Mukorossi Peel Extract,Citronellol,Uncaria Gambir Extract,Geraniol,Angelica Keiskei Leaf/Stem Extract,Alpha-Isomethyl Ionone,Sanguisorba Officinalis Root Extract,Crataegus Monogyna Flower Extract,Camellia Sinensis Leaf Extract,Sodium Acetylated Hyaluronate,Hydroxyproline,Iron Oxides (Ci 77491),Citrus Junos Seed Extract,Cinnamomum Cassia Bark Extract,Ziziphus Jujuba Fruit Extract,Chlorella Vulgaris Extract,Eucheuma Serra/Grateloupia Sparsa/Saccharina Angustata/Ulva Linza/Undaria Pinnatifida Extract,Carbomer,Sodium Lactate,Bht,Curcuma Longa (Turmeric) Rhizome Extract,Polysorbate 20,Saccharina Angustata/Undaria Pinnatifida Extract,Palmitoyl Tripeptide-1,Palmitoyl Tetrapeptide-7",,,,,,,,,,,
Shiseido,White Lucent Brightening Gel Cream,"WATER,BUTYLENE GLYCOL,GLYCERIN,DIMETHICONE,SD ALCOHOL 40-B (ALCOHOL DENAT.),TRIETHYLHEXANOIN,PEG/PPG-14/7 DIMETHYL ETHER,HYDROGENATED POLYDECENE,BEHENYL ALCOHOL,STEARYL ALCOHOL,MYRISTYL MYRISTATE,GLYCERYL STEARATE SE,TREHALOSE,POTASSIUM METHOXYSALICYLATE,PHYTOSTERYL MACADAMIATE,METHYL METHACRYLATE CROSSPOLYMER,POLYSORBATE 60,PEG-40 STEARATE,PHENOXYETHANOL,DIMETHYLACRYLAMIDE/SODIUM ACRYLOYLDIMETHYLTAURATE CROSSPOLYMER,HYDROGENATED PALM OIL,ELAEIS GUINEENSIS (PALM) KERNEL OIL,ELAEIS GUINEENSIS (PALM) OIL,SORBITAN TRISTEARATE,TRISODIUM EDTA,ERYTHRITOL,PEG/PPG-17/4 DIMETHYL ETHER,SODIUM CITRATE,FRAGRANCE (PARFUM),DIPOTASSIUM GLYCYRRHIZATE,2-O-ETHYL ASCORBIC ACID,ALCOHOL,SILICA,XANTHAN GUM,CAFFEINE,LINALOOL,CITRIC ACID,SODIUM METAPHOSPHATE,PPG-3 DIPIVALATE,HDI/TRIMETHYLOL HEXYLLACTONE CROSSPOLYMER,TOCOPHEROL,CITRONELLOL,SODIUM METABISULFITE,GERANIOL,ANGELICA KEISKEI LEAF/STEM EXTRACT,LIMONENE,PAEONIA ALBIFLORA ROOT EXTRACT,CRATAEGUS MONOGYNA FLOWER EXTRACT,ACRYLATES/C10-30 ALKYL ACRYLATE CROSSPOLYMER,FRUCTOSE,REHMANNIA CHINENSIS ROOT EXTRACT,IRON OXIDES (CI 77491),PRUNUS YEDOENSIS LEAF EXTRACT,ZIZIPHUS JUJUBA FRUIT EXTRACT,PYROLA INCARNATA EXTRACT,POTENTILLA ERECTA ROOT EXTRACT,POLYQUATERNIUM-51,BENZOIC ACID",,,,,,,,,,,
Shiseido,White Lucent Anti-Dark Circles Eye Cream,"Water,Dimethicone,Butylene Glycol,Glycerin,Alcohol,Dimethicone/Vinyl Dimethicone Crosspolymer,Myristyl Myristate,Petrolatum,Hydrogenated Polydecene,Behenyl Alcohol,Cetyl Ethylhexanoate,Glyceryl Stearate Se,Potassium Methoxysalicylate,Polymethyl Methacrylate,Stearyl Alcohol,Dimethylacrylamide/Sodium Acryloyldimethyltaurate Crosspolymer,Polysorbate 60,PEG-40 Stearate,Tocopheryl Acetate,Phenoxyethanol,Titanium Dioxide (CI 77891),Fragrance (Parfum),Sorbitan Tristearate,Trisodium EDTA,PEG-10 Dimethicone,Sodium Citrate,Oryzanol,2-O-Ethyl Ascorbic Acid,Mica,Silica,Xanthan Gum,Sodium Metaphosphate,Limonene,Citric Acid,PEG/PPG-14/7 Dimethyl Ether,Aluminum Hydroxide,Benzyl Benzoate,Hydroxyisohexyl 3-Cyclohexene Carboxaldehyde,Iron Oxides (CI 77491),Sodium Hyaluronate,Linalool,Crataegus Monogyna Flower Extract,Tocopherol.yethanol,Fragrance,Titanium Dioxide,Mica",,,,,,,,,,,
Shiseido,Bio-Performance Advanced Super Revitalizing Cream,"Water,Glycerin,Butylene Glycol,Isododecane,Isohexadecane,Dimethicone,Cetyl Ethylhexanoate,Hydrogenated Polydecene,Disteardimonium Hectorite,PEG-9 Polydimethylsiloxyethyl Dimethicone,PEG-150,PEG-8 Diisostearate,Phenoxyethanol,Methylparaben,Ethylparaben,Phytosteryl Macadamiate,Sodium Citrate,Fragrance (Parfum),Trisodium EDTA,Tocopheryl Acetate,Stearyl Glycyrrhetinate,Hydroxyproline,Citric Acid,Sodium Metaphosphate,Benzyl Benzoate,Alpha-Isomethyl Ionone,Butylphenyl Methylpropional,Hexyl Cinnamal,Linalool,Limonene,Sodium Acetylated Hyaluronate,Citronellol,Geraniol,Saccharomyces Ferment Lysate Filtrate,Rubus Idaeus (Raspberry) Fruit Extract,Iron Oxides (CI 77492),Syzygium Jambos Leaf Extract,Iron Oxides (CI 77491),Tocopherol",,,,,,,,,,,
Shiseido,Benefiance Wrinkle Smoothing Cream Enriched,"Water,Cetyl Ethylhexanoate,Glycerin,Niacinamide,Nylon-12,Cetearyl Alcohol,Dipropylene Glycol,Sd Alcohol 40-B (Alcohol Denat.),Caprylic/Capric Triglyceride,Phytosteryl Macadamiate,Glyceryl Stearate,Dimethicone,Diisostearyl Malate,Beheneth-20,Phenoxyethanol,Alcohol,Tocopheryl Acetate,Erythritol,Peg/Ppg-14/7 Dimethyl Ether,Peg/Ppg-17/4 Dimethyl Ether,Hdi/Trimethylol Hexyllactone Crosspolymer,Carbomer,Fragrance,Butylene Glycol,Sodium Citrate,Trisodium Edta,Potassium Hydroxide,Citric Acid,Caffeine,Xanthan Gum,Sodium Metabisulfite,Sodium Metaphosphate,Iron Oxides (Ci 77492),Ppg-3 Dipivalate,Linalool,Tocopherol,Sapindus Mukorossi Peel Extract,Limonene,Citronellol,Silica,Geraniol,Angelica Keiskei Leaf/Stem Extract,Alpha-Isomethyl Ionone,Camellia Sinensis Leaf Extract,Citrus Junos Seed Extract,Ziziphus Jujuba Fruit Extract,Iron Oxides (Ci 77491),Eucheuma Serra/Grateloupia Sparsa/Saccharina Angustata/Ulva Linza/Undaria Pinnatifida Extract,Curcuma Longa (Turmeric) Rhizome Extract,Saccharina Angustata/Undaria Pinnatifida Extract,Chlorella Vulgaris Extract",,,,,,,,,,,
Shiseido,Future Solution LX Total Regenerating Cream,"Dipropylene Glycol,Glycerin,Dimethicone,Butylene Glycol,Xylitol,Piperidinepropionic Acid,Petrolatum,Mineral Oil(Paraffinum Liquidum/Huile Minerale),Diisostearyl Malate,Myristyl Myristate,Pentaerythrityl Tetrabehenate/Benzoate/Ethylhexanoate,Behenyl Alcohol,Glyceryl Stearate Se,Stearyl Alcohol,Pentaerythrityl Tetraethylhexanoate,Batyl Alcohol,Dimethicone Crosspolymer,Beheneth-20,Phenoxyethanol,Dimethylacrylamide/Sodium Acryloyldimethyltaurate Crosspolymer,Fragrance,Sorbitan Tristearate,Sodium Methyl Stearoyl Taurate,Peg/Ppg-17/4 Dimethyl Ether,Tocopheryl Acetate,Sodium Citrate,Bht,Xanthan Gum,Trisodium Edta,Sodium Metabisulfite,Linalool,Citric Acid,Sodium Metaphosphate,Iron Oxides (Ci 77492),Phytosteryl/Octyldodecyl Lauroyl Glutamate,Butylphenyl Methylpropional,Alcohol,Limonene,2-O-Ethyl Ascorbic Acid,Alpha-Isomethyl Ionone,Citronellol,Geraniol,Benzyl Benzoate,Prunus Speciosa Leaf Extract,Angelica Acutiloba Root Extract,Iron Oxides (Ci 77491),Sanguisorba Officinalis Root Extract,Isodonis Japonicus Leaf/Stalk Extract,Camellia Sinensis Leaf Extract,Tocopherol",,,,,,,,,,,
Shiseido,Clarifying Cleansing Foam,"Water,Stearic Acid,Peg-8,Myristic Acid,Glycerin,Potassium Hydroxide,Dipropylene Glycol,Lauric Acid,Glyceryl Stearate Se,Sorbitol,Cocamidopropyl Betaine,Peg-60 Glyceryl Isostearate,Sodium Methyl Cocoyl Taurate,Phytosteryl Macadamiate,Fragrance,Polyquaternium-39,Disodium Edta,Oryza Sativa (Rice) Germ Oil,Linalool,Geraniol,Citronellol,Kaolin,Sodium Benzoate,Butylene Glycol,Acrylates Copolymer,Betaine,Silk Powder(Serica/Poudre De Soie),Tocopherol,Sodium Acetylated Hyaluronate,Artemisia Princeps Leaf Extract,Sodium Lauryl Sulfate",,,,,,,,,,,
Shiseido,WASO: Color-Smart Day Moisturizer Oil-Free SPF 30 Sunscreen,"Water,Cyclopentasiloxane,Sd Alcohol 40-B,Glycerin,Methyl Methacrylate Crosspolymer,Dimethicone,PEG-10 Dimethicone,Polybutylene Glycol/PPG-9/1 Copolymer,Lauryl PEG-9 Polydimethylsiloxyethyl Dimethicone,Polymethylsilsesquioxane,Talc,Erythritol,Silica,Trehalose,Disteardimonium Hectorite,Trimethylsiloxysilicate,Caffeine,Betaine,PEG/PPG-17/4 Dimethyl Ether,Phytosteryl/Octyldodecyl Lauroyl Glutamate,Dipeptide-15,Eriobotrya Japonica Leaf Protoplasts,Paeonia Albiflora Root Extract,Lamium Album Flower/Leaf/Stem Extract,Citrus Junos Seed Extract,Eriobotrya Japonica Leaf Extract,Aluminum Hydroxide,Stearic Acid,Isostearic Acid,Butylene Glycol,Trisodium Edta,Polyester-1,Alcohol,Silica Dimethyl Silylate,Alumina,Triethoxycaprylylsilane,Hydrogen Dimethicone,Bht,Tocopherol,Phenoxyethanol,Benzoic Acid,Fragrance,Titanium Dioxide,Iron Oxides,Mica",,,,,,,,,,,
